Ticker,Valoración de medias móviles,Volumen,Última,Media móvil simple (20),Media móvil simple (50),Media móvil simple (200),Banda superior de Bollinger (20),Banda inferior de Bollinger (20),"Nivel MACD (12, 26)","Señal MACD (12, 26)",Índice de fuerza relativa (14)
UBI/N,Fuerte Compra,26531,1952.99,1861.283,1804.367204,,2021.35370252,1701.21229748,3.95345584,8.36277169,57.62864661
CEMEX/CPO,Fuerte Compra,65273621,8.04,7.3695,6.9742,6.37265,8.0969744,6.6420256,0.06547548,0.05265093,66.97310406
UAA,Fuerte Compra,84,241.5,225.6610025,229.1456002,297.0132993,240.34629299,210.97571201,0.95099969,-0.83466544,57.13828062
VALE/N,Fuerte Compra,3454,248.95,245.9829985,247.417399,226.9464001,253.92781021,238.03818679,-1.19067145,-0.88868934,52.66397352
ROG/N,Neutral,160,7751.98,7791.06502,7848.935816,6686.721912,8190.53474669,7391.59529331,-86.5574107,-62.65980157,48.81050452
KIMBER/A,Comprar,2155082,35.98,36.32150015,35.7404001,36.34045008,38.29411561,34.34888469,-0.21625061,-0.04943966,50.14193359
HCITY,Fuerte Venta,734191,5.42,5.6975,6.1136,9.29010001,6.21583869,5.17916131,-0.20477525,-0.19489507,39.83322629
AIR/N,Comprar,25,1823.55,1839.616,1761.341602,,2072.42078864,1606.81121136,1.51630453,12.48033444,50.86212851
BBAJIO/O,Fuerte Venta,3370861,15.46,16.82549995,17.4856001,23.39650004,19.01373651,14.63726339,-0.71714737,-0.55938835,35.28831624
FDX,Fuerte Compra,1082,4943.3301,4780.326025,4210.429602,3237.2922505,4999.25454991,4561.39750009,197.34465439,229.41009862,68.97398855
AC,Fuerte Venta,1253453,96.940002,101.7555005,103.06920034,101.97475021,111.0619304,92.4490706,-2.47244433,-1.69416414,37.68987655
GIGANTE,Neutral,3614,24.120001,23.1259997,24.67040014,29.45590002,25.89644793,20.35555147,-0.45234264,-0.67711235,57.60682329
FIBRAPL/14,Fuerte Compra,229659,43.689999,43.89049935,43.28239994,40.97300064,45.14844117,42.63255753,-0.06104129,0.07899898,50.96581716
Q,Vender,617883,85.300003,86.54800045,89.48840026,85.36145027,91.07659275,82.01940815,-1.72295927,-1.54414003,45.23384852
SNAP,Fuerte Compra,24,511.76999,487.369501,505.8277994,,521.13169415,453.60730785,3.41130079,-0.15439217,55.80704476
UNIFIN/A,Neutral,37632,18.5,18.555,18.28900914,21.65384233,19.21779686,17.89220314,0.04213717,0.09738359,50.85386093
LIVEPOL/C-1,Fuerte Compra,805610,58.790001,56.9250003,56.00680016,71.95150002,59.20898451,54.64101609,0.25784137,0.19287266,60.20149788
NKE,Fuerte Compra,1080,2515,2446.29651,2313.2984,2069.7675485,2544.07089516,2348.52212484,46.94884539,51.54669428,64.36741328
MMM,Vender,21219,3531.8999,3607.865995,3546.442802,3366.7582015,3734.64525204,3481.08673796,-2.08309772,12.48766825,47.34385785
BSMX/B,Fuerte Venta,1518391,12.7,14.026,14.79280004,19.12370001,16.14407837,11.90792163,-0.68752386,-0.54375599,30.75108569
TERRA/13,Fuerte Venta,163656,27.42,27.9105,27.76459998,28.01659999,28.80334906,27.01765094,-0.18290389,-0.05242361,44.46358738
GMXT,Fuerte Compra,5625199,29.65,28.7284998,27.1443998,25.55299987,29.6523454,27.8046542,0.54650624,0.59738014,62.48385069
SITES/B-1,Fuerte Compra,1547021,18.66,17.34900005,16.94200002,15.09875001,18.70718852,15.99081158,0.31016151,0.16163332,66.17122685
CULTIBA/B,Fuerte Compra,3451,11,10.6445,10.96,10.98305,11.18607086,10.10292914,-0.02903514,-0.10517025,56.94708915
MU,Fuerte Venta,5427,983.85999,986.0675,1064.686602,1056.13284905,1032.2856858,939.8493142,-22.13714685,-24.57672045,43.63327258
AUTLAN/B,Fuerte Compra,28685,10.69,10.6435,9.417,8.41630001,11.0090831,10.2779169,0.31592727,0.42542313,59.98966567
FIBRAHD/15,Fuerte Venta,6654,4.63,4.7745,4.8278,6.20330001,4.9951785,4.5538215,-0.06694732,-0.04525917,40.59632903
FCX,Fuerte Compra,214407,345.42001,333.6765015,313.4368024,239.11975055,356.53630444,310.81669856,10.20433816,10.97816836,61.82474748
FIBRAMQ/12,Vender,2140147,24.75,25.2715001,25.11120006,24.09695001,26.18898117,24.35401903,-0.14628933,0.00663537,45.03974257
DANHOS/13,Fuerte Venta,561640,18.709999,20.5265,21.098,23.42650002,22.54510622,18.50789378,-0.65522442,-0.41601499,32.56597574
GILD,Fuerte Venta,108,1397,1438.715505,1560.9044,1546.7792505,1515.41500374,1362.01600626,-45.28744286,-47.37689658,37.52417687
AGUA,Fuerte Compra,222715,16.18,16.06000025,15.2904001,14.79603187,16.44382315,15.67617735,0.19388901,0.24684925,55.11385196
SIMEC/B,Fuerte Venta,216,45.080002,45.8215001,46.14600002,55.04555001,47.40837548,44.23462472,-0.56329874,-0.49419879,44.69491777
ELEMENT,Fuerte Compra,85384,9.8,9.0150001,7.48380004,8.23740001,9.88825814,8.14174206,0.60896099,0.60768548,78.09490651
SORIANA/B,Fuerte Venta,203898,15.39,15.70599985,16.69720002,19.81570002,16.57959886,14.83240084,-0.40094457,-0.41251851,39.65030527
TMO,Fuerte Compra,13853,9201.25,9071.355375,8259.666536,6337.492174,9437.55771431,8705.15303569,274.89275133,333.60413523,59.54903926
VLO,Fuerte Venta,405,984.25,1149.3600005,1208.2445982,1430.67030235,1303.94210788,994.77789312,-59.26937229,-40.62639797,28.71590134
GMEXICO/B,Fuerte Compra,15532779,59.419998,59.04749985,58.06800008,52.08430021,60.77734204,57.31765766,0.23069474,0.3632172,53.22525664
CAT,Fuerte Compra,1505,3254.55,3159.14099,3063.077386,2767.4257505,3283.2307944,3035.0511856,54.0253172,47.56811291,60.96994234
QCOM,Neutral,4489,2437.29,2518.354485,2340.838798,1890.6409995,2670.25045188,2366.45851812,24.84565432,57.84148724,48.07291751
PAPPEL,Fuerte Venta,20531,15.24,15.81599995,16.13859998,17.46485002,16.61111994,15.02087996,-0.29353425,-0.2104708,37.96157748
RSGA,Fuerte Compra,33,2066.25,1935.721505,1817.670802,,2112.38441127,1759.05859873,70.45059663,61.88557035,64.88601767
MRNA,Fuerte Venta,31901,1258.95,1407.478995,1559.993396,,1616.68201899,1198.27597101,-87.03309347,-69.50332776,36.81001139
KO,Fuerte Compra,4003,1089,1076.958005,1061.4444004,1066.64824915,1121.26363109,1032.65237891,8.99373701,9.42181808,53.99997771
SAN,Fuerte Venta,583,45.5,48.5945,51.57980002,61.38799999,51.8944239,45.2945761,-1.527461,-1.2840027,29.71559403
BDX,Fuerte Venta,3108,5026,5624.221035,5448.194996,,6401.93837436,4846.50369564,-147.45686432,-42.69210789,34.5175364
TCEHY/N,Vender,310,1420,1490.1655,1528.2858,1210.8324489,1587.00972798,1393.32127202,-25.01815693,-13.23247992,41.72263271
EDUCA/18,Fuerte Compra,445,29,28.92250005,28.71340002,27.53174999,29.16014456,28.68485554,0.07689395,0.10400287,60.12070566
IENOVA,Fuerte Venta,4758140,60.669998,63.81150025,64.67140022,73.86700018,68.91930814,58.70369236,-1.42966686,-0.94585823,38.81425895
GBM/O,Comprar,569,8.23,8.154,8.1836,8.63670181,8.18887119,8.11912881,-0.00346914,-0.01310646,74.75700717
AZN/N,Fuerte Venta,2276,1149.55,1215.19349,1239.002798,1035.84019935,1294.53082334,1135.85615666,-23.43781054,-14.79353926,40.63609253
CUERVO,Fuerte Compra,1152690,42.639999,41.69599985,42.44179994,37.01875005,43.30145732,40.09054238,-0.15163391,-0.23065068,53.16745809
DKNG,Fuerte Compra,1093,921,816.9545015,,,924.37337893,709.53562407,23.72745922,12.38625991,59.76728291
JD/N,Neutral,1244,1587,1678.748,1516.234602,1082.1184995,1843.77708054,1513.71891946,38.93704685,65.74967383,46.7333895
TLEVISA/CPO,Vender,6406989,27.809999,27.9889998,26.75299992,31.98395002,29.64693687,26.33106273,0.15430982,0.24792062,50.38497954
AMX/L,Fuerte Venta,62133714,13.37,13.605,14.0946,14.79499999,14.38236735,12.82763265,-0.27661574,-0.2768754,42.12933855
UBER,Fuerte Compra,5620,781.79999,711.9390015,715.5519996,681.78295,789.84486052,634.03314248,15.96868258,7.55280493,64.02917256
HD,Vender,202,5890,6139.968505,5998.681218,5051.401807,6554.83691946,5725.10009054,-52.32540406,1.15886702,42.23435624
GCARSO/A1,Fuerte Venta,516090,42.790001,44.42249965,44.30839988,54.59684988,47.61139131,41.23360799,-0.66328321,-0.44529055,42.51314198
LYFT,Vender,1,647.66998,641.974007,677.6856016,,697.63213924,586.31587476,-9.77280796,-14.09876941,48.94685753
MRK,Vender,102,1802,1858.436,1815.584002,1750.0966995,1921.03828603,1795.83371397,-3.21348063,8.76623084,42.58950009
BA,Fuerte Venta,226,3419.99,3707.039005,3830.439016,4556.5918525,3998.54239777,3415.53561223,-104.06843119,-65.6790678,34.5045167
TAL/N,Neutral,15688,1564,1656.529995,1531.203196,974.2166484,1787.23479894,1525.82519106,9.09915041,33.80443737,45.95954424
WALMEX,Fuerte Venta,68861465,50.610001,54.1695,54.82920006,55.70849994,59.42931524,48.90968476,-1.35644217,-0.9186074,29.47295639
EOG,Fuerte Venta,1440,824.5,1021.3295,1014.323999,1486.16299775,1260.63572978,782.02327022,-68.27413547,-45.17871076,31.39291133
WBA,Fuerte Venta,40,750,846.8040005,898.6571978,1002.51134555,975.91186367,717.69613733,-43.16144559,-33.96744711,22.42759252
MFRISCO/A-1,Fuerte Compra,33800,3.9,3.7475,3.6558,2.97515,3.91445808,3.58054192,0.04869081,0.03807695,60.75127451
PINFRA,Fuerte Venta,195904,159.11,165.9685005,164.3928004,175.8339502,177.0068561,154.9301449,-1.84230802,-0.6613916,43.11304816
INO,Fuerte Venta,1171,211,258.0324995,394.8973986,,343.54561319,172.51938581,-50.65397706,-53.08831926,28.95440317
SPGI,Vender,1109,7418.8901,7815.34,7517.157564,5458.560149,8239.70339864,7390.97660136,3.15807644,98.7349882,40.67092217
FMTY/14,Fuerte Compra,9387,10.09,9.978,9.8854,10.60515001,10.08964229,9.86635771,0.01676464,0.01206643,57.07955785
URBI,Fuerte Venta,1256,14,14.6425,16.04880004,17.59635003,16.90949691,12.37550309,-0.80304422,-0.77071597,37.70387586
BIDU/N,Fuerte Venta,463,2565,2693.390005,2743.605996,2518.95905,2862.83343826,2523.94657174,-45.65701657,-25.51335016,39.49310254
FSHOP/13,Vender,2405,5.97,5.9815,5.89107186,7.76378959,6.14203349,5.82096651,0.01773196,0.01909682,50.46208294
GICSA/B,Fuerte Venta,20446,3.11,3.1415,3.1936,4.6223,3.25919027,3.02380973,-0.03653345,-0.03818363,45.03566214
GCC,Vender,417602,99.470001,101.9889999,101.6285999,91.3449997,105.02846662,98.94953318,-0.42276661,0.04978454,43.2815922
TGT,Neutral,91,3144,3248.605005,2974.735198,2464.5921475,3478.72330132,3018.48670868,46.58133711,80.90388155,50.52267846
GFNORTE/O,Fuerte Venta,12544396,75.230003,77.8529999,79.05599986,87.18914998,84.73324076,70.97275904,-1.51343027,-1.24173587,41.90287502
BABA/N,Vender,2793,5770.1499,6050.56149,5814.317572,4776.501741,6578.78313996,5522.33984004,42.13157024,117.84409378,44.0183607
UL/N,Fuerte Compra,16,1320.67,1332.0705,1284.6778,1182.097899,1364.45906926,1299.68193074,10.07722013,14.29174971,53.26322234
PFE,Fuerte Venta,18409,770.10999,819.438498,825.4353974,784.3187006,880.26034004,758.61665596,-16.72645547,-9.91305927,35.79413069
BAC,Fuerte Venta,2835,542.41998,561.9210015,556.1566012,577.0548495,583.63686165,540.20514135,-3.58148812,-0.03550717,41.92992142
NVO/N,Vender,1630,1412.28,1457.80699,1482.817,1225.0069519,1536.45204422,1379.16193578,-22.92016855,-17.05860674,38.20511132
UNP,Fuerte Compra,703,4140.8999,4110.433005,3837.852004,3186.9568465,4397.67404708,3823.19196292,100.24056376,119.50587181,55.89639284
FRAGUA/B,Vender,14,220,220.7740015,218.6652008,225.1520002,226.74412859,214.80387441,0.64115191,0.7341481,48.84753534
MDT/N,Comprar,1,2260,2256.327495,2193.296396,2000.491301,2394.3290518,2118.3259382,30.25755101,33.18735042,51.29711113
UTSI,Fuerte Venta,2,25.15,33.7074997,37.7545999,52.73395005,40.7264219,26.6885775,-2.88736244,-2.26874086,28.83772031
SNPS,Neutral,156,4380.7598,4475.213965,4198.4154,,4772.29231155,4178.13561845,69.49575371,114.45822965,49.64358518
FNOVA/17,Fuerte Venta,43092,18.6,18.9719996,18.97579982,,19.48220074,18.46179846,-0.00162901,0.03385391,31.91820343
SPOT/N,Vender,12,5360,5756.667505,5838.55,3921.505244,6454.81221079,5058.52279921,-125.18009027,-47.26630093,40.65203586
MRVL/N,Fuerte Compra,1,840,803.597501,695.9828018,,872.70739435,734.48760765,38.70017528,42.15419095,62.78852092
PEP,Fuerte Venta,3,2911,3016.67253,3023.837618,2862.4018045,3116.50574098,2916.83931902,-26.02777781,-9.91105678,33.46546819
GPROFUT,Fuerte Compra,3,55.189999,46.76649865,42.45399902,61.64049977,59.56917309,33.96382421,4.05164062,2.96317613,96.94988598
ZS,Comprar,2,2871.98,2937.859,2546.771996,,3385.22527078,2490.49272922,137.78833548,190.37889898,51.83809368
LIVEPOL/1,Comprar,24,58.990002,57.4360008,59.70700026,80.42500009,61.90440458,52.96759702,0.1863248,-0.16457905,56.24770397
FRES,Neutral,2,342,366.398002,338.3258002,248.09930045,419.55151924,313.24448476,-4.2183394,2.08996432,43.62589925
BLUE,Vender,2,1238.9,1425.389,,,,,,,25.27457462
LMT,Fuerte Venta,490,8156.6802,8544.75352,8450.63758,7876.794248,8941.53846085,8147.96857915,-69.14018069,-2.66711685,33.67798743
OPK,Fuerte Venta,9,67.980003,83.92250025,99.79920048,106.46270004,122.52719531,45.31780519,-10.7588595,-9.58783593,34.63060679
RGLD,Comprar,1,2852.8899,2673.055975,,,,,364.89674781,441.81512228,59.10630992
INTC,Fuerte Venta,3016,1050,1087.24701,1157.721404,1234.5178495,1130.47068949,1044.02333051,-21.93026251,-21.93542286,37.27676489
GISSA/A,Fuerte Venta,300000,16.299999,16.60749965,15.95379982,18.50204994,17.33468316,15.88031614,0.02751228,0.12577715,47.90140916
CYDSASA/A,Fuerte Venta,1,18.950001,18.98250035,19.85180014,21.98644998,19.45923393,18.50576677,-0.2362843,-0.30231338,37.12996255
ACTINVR/B,Neutral,181,8.75,8.723,8.7902,9.75505,8.93124025,8.51475975,-0.01187103,-0.02523953,50.69510953
CL,Vender,1,1670,1698.5655,1684.872404,1409.379297,1760.79486814,1636.33613186,3.32974286,12.57346673,46.48500489
RDS/B,Fuerte Venta,6,581,632.8115015,677.164,990.47925045,711.95899474,553.66400826,-28.04641047,-24.08101205,27.17233165
YUMC,Fuerte Compra,4120,1149.02,1115.180505,970.1528,,1210.18557149,1020.17543851,51.14793702,52.81560097,64.84297157
AXP,Vender,776,2200,2201.016005,2171.811796,2217.897046,2308.34323218,2093.68877782,14.86237225,17.58336444,49.24742891
RTX,Fuerte Venta,1,1284,1340.408505,1360.381802,,1405.35340901,1275.46360099,-20.32335824,-13.44755608,35.24366342
HOTEL,Fuerte Venta,262248,4.01,4.0175,3.9878,4.861,4.08349242,3.95150758,0.00140182,0.00130337,50.13339167
VALUEGF/O,Vender,9,144,151.42,143.49339994,114.30534997,160.65246446,142.18753554,0.06509333,1.72972929,35.8447994
CNK,Fuerte Venta,28,275,303.615,286.5892002,,369.03866651,238.19133349,5.4752976,10.95684625,42.9469214
CADU/A,Vender,132,6.48,6.6325,6.6936,6.2952,6.9100518,6.3549482,-0.06077343,-0.03715662,34.99311314
FTNT,Fuerte Venta,40173,2547.1699,2814.7015,2944.8214,,3105.8950878,2523.5079122,-100.06528701,-64.05958193,28.18442426
ERIC/N,Vender,5,232.42,251.631497,243.8842,179.2409003,271.71862494,231.54436906,-3.23092071,0.63516079,35.07439191
LACOMER/UBC,Vender,342436,32.599998,33.96649945,34.21339982,26.94344981,36.13348218,31.79951672,-0.47721792,-0.26998544,35.78866376
SWKS,Fuerte Venta,2,2923.5801,2982.777005,,,3470.61052677,2494.94348323,,,63.96663678
PG,Neutral,10,2932.8,3012.83,2916.1826,2623.616499,3098.8347001,2926.8252999,8.15441011,28.59668182,44.53205071
CDEV,Fuerte Venta,114,11.5,15.35000005,17.88659994,,19.83567954,10.86432056,-1.95393558,-1.62716812,24.75828995
SDC,Fuerte Compra,1,249,203.5899995,180.8690002,,254.52513118,152.65486782,14.09388993,7.580324,66.11074473
CMOCTEZ,Comprar,32,47.5,46.99749985,47.29379988,53.55805027,47.6323187,46.362681,0.00313813,-0.12291235,59.60239907
CDNS,Neutral,314,2206.8,2332.44048,1780.228792,,2529.38136325,2135.49959675,133.87472943,196.08108078,56.69030005
MC/N,Comprar,35,10178.9,10353.295,9884.397788,8580.452292,10690.30093286,10016.28906714,72.99877627,134.49117971,50.10198494
BZUN/N,Fuerte Venta,28,810,911.9215,786.8629966,,993.27490411,830.56809589,13.77636627,35.87497866,38.82406119
PII,Comprar,65,2004,1858.75803,1872.312408,,2569.60982025,1147.90623975,101.43736765,79.32067122,52.44779808
PLANI,Vender,15,19,19,,,19,19,-0.0614189,-0.08662003,41.57302613
LAMOSA,Vender,2,23,23.13349995,22.54140014,26.15965004,23.55413146,22.71286844,0.1374996,0.16856954,53.32702963
TEAK/CPO,Neutral,1168,3.8,3.6325,3.8886,6.26480002,3.83218726,3.43281274,-0.03663749,-0.09207241,53.63849436
FIHO/12,Fuerte Venta,432888,4.39,4.5375,4.4208,6.01235001,4.71389444,4.36110556,-0.00314434,0.02806305,41.70198816
NVAX,Fuerte Venta,1,2000,2534.008995,,,3501.74150289,1566.27648711,-320.43418952,-269.7503628,37.52457919
CIE/B,Vender,106,4.95,4.9565,4.7934,9.078,5.13077277,4.78222723,0.04088509,0.04176582,52.92527991
TSM/N,Neutral,6,1703,1742.661,1665.960002,1255.06615055,1811.76731083,1673.55468917,8.41592583,24.14507435,47.96602555
TCOM/N,Fuerte Compra,28,631,592.1489995,602.9791992,,654.46983806,529.82816094,12.04991567,3.72143876,59.83010757
FEMSA/UB,Fuerte Venta,84,93,98.11100005,112.65820002,136.73325006,111.56485876,84.65714134,-6.12636321,-6.68219491,13.9847037
BMRN,Fuerte Venta,1,1573,1800.1035,2133.734198,,2516.87088518,1083.33611482,-178.9330417,-165.6510797,28.54436077
VISTA/A,Fuerte Venta,30,57,67.1859996,71.3508,98.53859989,78.89668202,55.47531718,-4.10332478,-3.01838029,10.23933151
MELI/N,Vender,1,23087,25316.3465,24479.6884,16536.7850455,28601.48477622,22031.20822378,-541.62149933,-86.60218245,38.13856824
DPZ,Fuerte Venta,6,8290.6504,8809.36865,8727.522654,,9520.18694503,8098.55035497,-127.45639981,-30.90454537,32.48042338
WLL1,,2,12.32,,,,,,,,
MFRISCO/A-2,Fuerte Compra,27,3.8,3.6435,2.95,,3.91883797,3.36816203,0.21060457,0.2439246,69.47302008
FPLUS/16,Fuerte Compra,320,12.37,12.2965,12.0794,11.6048,12.59544983,11.99755017,0.072426,0.08716607,61.19660146
PINFRA/L,Comprar,184,115.5,117.178,110.448,123.07480005,120.72092873,113.63507127,1.28913395,1.93849655,52.85463267
TRAXION/A,Comprar,412867,15.6,15.653,15.1556,14.00724999,15.77532743,15.53067257,0.09381766,0.14679113,55.03640699
ADSK,Neutral,1002,5054,5261.9135,4822.097392,3352.0561445,5528.35996444,4995.46703556,47.14502815,120.61875482,46.93821555
CMR/B,Fuerte Venta,5,2.48,2.527,2.5098,3.02995,2.60924354,2.44475646,-0.01428723,-0.00832654,41.61313571
ABEV/N,Vender,2,52.98,52.62500015,57.1401999,73.41450008,56.64867703,48.60132327,-1.1857395,-1.64206775,44.12075867
JPM,Fuerte Venta,981,2150,2188.939025,2188.628008,2307.2472045,2254.82961509,2123.04843491,-6.97683286,-0.25803469,44.13095596
VINTE,Fuerte Venta,202,27.99,27.993,27.97779704,28.05413089,28.00728286,27.97871714,-0.01033524,-0.01544502,47.12837065
CMCSA,Vender,45,945,964.3255005,951.6323994,882.46995075,988.74486592,939.90613508,0.28092478,4.5496639,44.17243911
APD,Fuerte Compra,11781,6377.1602,5121.418105,,,7365.65802035,2877.17818965,1227.01993995,1255.38796823,90.74539149
KOF/UBL,Fuerte Venta,379949,86.309998,92.37899965,93.5042001,102.87665007,100.36462196,84.39337734,-2.27941961,-1.49207838,29.60575064
FUNO/11,Fuerte Venta,12496768,16.32,17.2654998,17.67159996,22.83204995,18.64049749,15.89050211,-0.44911385,-0.35264244,34.61145671
MCD,Fuerte Compra,24,4655,4643.44898,4486.544382,4147.8788975,4726.66395769,4560.23400231,40.50403144,50.37511804,56.86024996
DBX,Fuerte Venta,18,429.70001,445.314001,469.9546012,,467.33271647,423.29528553,-9.81273397,-9.12678735,40.5335888
GNP,Fuerte Compra,1099,112.92,91.03300025,69.8532001,45.21820001,117.49283654,64.57316396,12.19100475,10.5962888,98.7087162
DHR,Comprar,930,4375.27,4514.553025,4203.640194,2964.971655,4766.78074969,4262.32530031,37.82878131,88.37314677,49.00656941
ICH/B,Fuerte Venta,1221,79.169998,82.059501,84.4727999,86.83914981,85.78856346,78.33043854,-1.35845879,-1.1466877,29.90182419
ELEKTRA,Fuerte Venta,71634,1186.6899,1194.937505,1202.037992,1323.306696,1211.32295812,1178.55205188,-3.69807325,-3.59342311,42.90937817
ORBIA,Fuerte Compra,1937333,37.07,36.7515002,35.81260016,36.32529999,38.43335997,35.06964043,0.128717,0.13826018,54.6379885
JNJ,Fuerte Venta,3404,3155.99,3302.942505,3297.356604,3110.3705995,3440.00639968,3165.87861032,-27.67096865,-7.15769174,40.81498906
NIO/N,Comprar,27917,380.5,378.0170005,325.3066002,,471.99646206,284.03753894,22.80721018,29.49507597,54.87075449
HERDEZ,Fuerte Compra,323606,39.18,38.9589999,36.31239974,34.93724992,40.65093252,37.26706728,0.85327392,0.96010087,53.77960996
TM/N,Comprar,11,2891.3999,2872.348465,2846.105798,2407.631802,3066.43654721,2678.26038279,45.5895367,43.29110645,51.72907392
GOLD/N,Fuerte Compra,1345,640,642.212503,632.7165994,501.45624935,667.63567152,616.78933448,1.94125188,2.25282705,51.29117007
AZTECA/CPO,Fuerte Venta,305009,0.312,0.33125,0.33742,0.50266,0.35091596,0.31158404,-0.00669866,-0.00430216,29.93563248
MKTX,Vender,11,9837.4004,10858.48354,8451.000428,,12232.76225187,9484.20482813,465.35711497,799.54254107,49.58150252
GOOG,Fuerte Venta,31,32787.121,34884.64005,34236.32822,30056.242545,37392.96882968,32376.31127032,-167.65807469,236.15687932,38.86841855
C,Fuerte Venta,7968,1091.6,1118.69801,1138.842406,1223.411601,1149.96114665,1087.43487335,-11.42401083,-8.51370782,41.05064008
GS,Fuerte Venta,960,4290,4488.23499,4555.089608,4311.445302,4666.58964024,4309.88033976,-53.35342085,-26.62961372,35.36334638
SMSN/N,Fuerte Compra,20,26458.051,26269.39315,25290.5669,22471.57472,27860.92124696,24677.86505304,224.09526222,264.45230473,57.48712921
PE_OLES,Vender,176470,347.25,361.292998,327.8675988,228.0076491,382.93635626,339.64963974,6.22191794,10.84851473,47.9471295
COST,Vender,114,7264.6001,7520.909495,7420.893806,6682.7273015,7755.71168489,7286.10730511,-13.95393721,33.39792602,40.61829794
CSCO,Fuerte Venta,128199,847.77002,906.6824985,987.1299982,951.5064994,965.0278591,848.3371379,-38.03014031,-34.31384226,23.87092411
CHDRAUI/B,Fuerte Venta,322725,24.17,25.95749965,26.14159992,26.38409995,28.56520275,23.34979655,-0.62443067,-0.39836378,32.70268139
LFC/N,Neutral,28,249.89999,243.338498,253.0980008,267.42655025,269.08644742,217.59054858,0.36301193,-2.44977131,52.22240656
GENTERA,Fuerte Venta,4335534,6.61,7.245,8.08500002,13.17930001,7.94521425,6.54478575,-0.37250247,-0.36554294,26.17677073
TEVA/N,Fuerte Venta,161,187.64999,208.906999,243.455801,220.37875015,240.31268485,177.50131315,-16.59348062,-15.99270642,15.3558974
BBBY,Neutral,228,256.39999,262.614001,244.1753998,228.08665045,284.54226214,240.68573986,1.44420685,4.61893943,50.38498325
TX,Comprar,122,387.57001,387.765,360.0488004,360.65565035,408.58769222,366.94230778,9.33649099,11.17041951,55.353544
EBAY,Vender,4961,1119.75,1205.216505,1240.279002,877.3309012,1330.9865084,1079.4465016,-28.46465965,-16.66664866,37.11638991
OXY1,Fuerte Venta,6816,218.55,279.1565005,340.7670004,,341.61491838,216.69808262,-31.04526729,-26.84024004,21.08711629
FINN/13,Fuerte Venta,4183,4.37,4.8345,5.0302,6.0975,5.18988571,4.47911429,-0.13014561,-0.08382034,23.33714626
FEMSA/UBD,Fuerte Venta,2264472,119.42,126.3705005,130.6698004,153.2004005,134.7246415,118.0163595,-3.40803363,-2.84823667,24.71989225
VITRO/A,Fuerte Venta,91143,22.709999,23.0514998,23.04819994,29.90169995,23.45717311,22.64582649,-0.08867602,-0.05577084,43.0401293
ARA,Fuerte Venta,1090401,2.57,2.815,2.7694,3.26355,3.09900704,2.53099296,-0.04560399,-0.01288289,37.5169188
MEGA/CPO,Fuerte Venta,739895,65.68,66.67199935,68.00919962,68.38964997,70.1955731,63.1484256,-0.66103547,-0.66482941,46.46148761
ALEATIC,Vender,16024,19.200001,19.09100015,19.59400016,22.29530009,19.43152393,18.75047637,-0.09874304,-0.15034157,47.54657586
BIIB,Fuerte Venta,346,5773,6236.37246,6184.827788,5907.3593575,6749.1989934,5723.5459266,-107.23303059,-60.88710015,32.41441783
MA,Vender,374,7074,7499.098005,7167.622606,6403.989202,8052.040393,6946.155617,-4.84522113,88.61164919,39.73004087
MS,Vender,4150,1075.72,1133.654005,1126.797002,986.2082009,1180.75213572,1086.55587428,-6.91552584,2.17700663,35.42425888
CHL/N,Fuerte Venta,107916,728.60999,784.477998,785.2228012,814.6434009,865.13888384,703.81711216,-16.0137434,-7.81308356,35.15551144
BMY,Fuerte Venta,1073,1251,1344.4355,1342.044998,1289.722551,1445.45969502,1243.41130498,-25.13217726,-11.39494085,29.48043254
GM,Comprar,2255,643.28998,655.220996,613.2199986,606.2434003,691.42352072,619.01847128,13.19996476,15.23760891,50.11990046
BIMBO/A,Vender,2206107,39.630001,41.9875,40.38339976,35.7156001,45.23062843,38.74437157,-0.25012473,0.1268021,43.70237791
IBM,Fuerte Venta,2032,2582.9199,2705.465495,2740.827598,2712.327251,2819.39946641,2591.53152359,-40.58195219,-27.06892836,33.86012494
ORCL,Vender,401,1223,1238.397495,1249.237598,1151.9313976,1284.23115756,1192.56383244,-4.87644719,-2.35714966,46.03604691
GGA/N,Fuerte Venta,7705,0.99,1.305,1.9314,1.14075,1.88211351,0.72788649,-0.28344545,-0.26920062,37.51598288
OMA/B,Fuerte Venta,912634,97.860001,100.6224997,98.98799986,111.1466001,104.94885607,96.29614333,-0.01063316,0.34599035,45.35594616
BRKB,Neutral,34,4638.0498,4691.814965,4498.171572,4302.918544,4850.18438273,4533.44554727,53.10538552,75.45674312,49.20418022
GFAMSA/A,Fuerte Venta,53763,0.387,0.46945,0.61074,2.367735,0.58130075,0.35759925,-0.08110965,-0.08818631,21.25551239
WFC,Fuerte Venta,2609,511.01001,528.924506,548.4990014,723.18760055,547.60528224,510.24372976,-10.05407449,-9.20515264,37.93913539
NFLX,Fuerte Venta,700,10251.14,11118.395,11132.4484,8918.2379535,12166.03077916,10070.75922084,-88.37319747,53.9315721,38.27266706
RDS/A,Fuerte Venta,9550,594,644.209503,690.4328004,855.87144965,697.30986948,591.10913652,-26.46618637,-23.10461865,26.6695787
ALPEK/A,Fuerte Venta,734918,15.75,16.60999985,17.35279984,16.04924997,18.01366666,15.20633304,-0.42748021,-0.37867825,34.75935427
VESTA,Fuerte Venta,415025,31.620001,32.62999985,32.9804,32.37589993,33.3391117,31.920888,-0.24384311,-0.15667415,32.85221683
STZ,Fuerte Compra,45,4030,3966.085,4004.330398,3728.8125485,4136.76107946,3795.40892054,27.0927179,12.14269751,52.67512901
AMAT,Fuerte Venta,8136,1173,1360.218495,1389.87899,1176.9698476,1554.72333015,1165.71365985,-54.49121221,-28.07782677,29.46245443
WMT,Vender,286,2905,3004.420005,2950.930808,2648.852251,3221.77159795,2787.06841205,21.09139254,39.49058772,43.87959249
LALA/B,Fuerte Venta,152305,12.47,13.4785,12.7364,13.73160001,14.73044688,12.22655312,-0.12875453,0.09237519,39.63824806
AAL,Fuerte Venta,10108,275.70001,284.427999,276.6576004,363.2817006,299.56442615,269.29157185,0.26273037,1.76377393,45.69802857
SNE/N,Vender,12420,1630.3101,1739.955,1732.27,1339.03949745,1861.44034202,1618.46965798,-28.77673216,-11.28975543,29.52148192
SBUX,Comprar,247,1802,1815.01199,1743.036198,1694.65115,1946.7534988,1683.2704812,31.46586169,37.86592186,49.59850207
T,Fuerte Venta,218,613.52002,648.0020025,661.550002,701.09779975,676.07828886,619.92571614,-10.88361422,-7.65280465,29.64482568
BLK,Fuerte Venta,1264,11506.57,12766.4235,12742.531,10675.4080985,13854.93042829,11677.91657171,-266.30389498,-79.79675959,22.12594747
TWTR,Vender,2183,827.09998,872.0874975,836.863402,705.42475145,933.59439611,810.58059889,2.92993986,13.38521933,43.28350413
TSLA,Neutral,5217,7898.8398,8883.249455,7570.626362,4075.4912889,10661.21352517,7105.28538483,190.24647765,490.03261601,46.92208434
DHI,Fuerte Compra,75484,1498.2,1165.661001,,,1880.06945231,451.25254969,308.99132725,,73.10689149
BP/N,Fuerte Venta,28721,424.04001,475.260502,506.1485998,623.48429865,545.81546352,404.70554048,-24.09616574,-20.10745332,23.33727323
VOLAR/A,Comprar,666276,17.07,17.26950015,14.40020006,15.44535,19.11549585,15.42350445,0.84441347,1.09285601,55.65447042
ALSEA,Fuerte Venta,557727,21.15,21.93000005,21.72260006,30.34669995,23.1323977,20.7276024,-0.09327321,0.00181558,45.3182504
F,Fuerte Venta,112,147,150.1485035,150.0024008,145.9393503,155.54177288,144.75523412,-0.56807369,-0.2228706,44.12562385
DAL,Comprar,706,675.06,661.1500005,625.4422024,778.0864519,724.17968815,598.12031285,17.9293036,18.26148781,55.12263092
V,Fuerte Venta,1953,4276.9199,4500.89046,4417.465976,4061.6793515,4759.45078357,4242.33013643,-18.68810107,21.03868748,38.33132204
GOOGL,Fuerte Venta,824,32230,34684.2059,34184.22752,30058.15957,37137.83555123,32230.57624877,-255.30506858,160.96317166,35.22236201
GRUMA/B,Vender,958789,246.77,264.492498,256.4477986,220.7548494,283.44653539,245.53846061,-2.62264256,0.2221871,37.86279092
PINS,Vender,40,737,771.025,696.6052002,,833.80594854,708.24405146,11.54806488,23.69131401,47.87723148
ROST,Fuerte Venta,555,1950,2024.3625,2010.063596,2044.9529015,2130.64643517,1918.07856483,-4.81103832,0.27884243,42.57650548
R/A,Fuerte Venta,937795,47.389999,53.99099955,56.6693997,77.49564987,59.66454157,48.31745753,-2.23811526,-1.60578989,25.41729685
PBF,Fuerte Venta,15000,142.45,191.588,223.6864016,387.42344985,236.85268697,146.32331303,-18.14960032,-13.19372775,28.79547291
GOLD1N/N,,505,60.700001,,,,,,,,
KKRC,Vender,181248,737.91998,778.277497,678.7296016,,848.61094534,707.94404866,24.61231631,37.53250054,48.75719556
FB,Vender,2448,5671.6899,6108.71849,5746.377398,4679.72641,6712.25903009,5505.17794991,38.79702718,138.87776245,40.70495265
KMI,Fuerte Venta,320,275.48999,307.5404995,,,337.74343764,277.33756136,-14.82146975,-13.04263706,18.79253241
HAL,Fuerte Venta,188,303,350.660497,324.5995984,321.31499945,390.49293429,310.82805971,-3.29092728,4.82087267,33.31988829
GSANBOR/B-1,Fuerte Venta,2148,18,18.4720003,19.01180012,21.99704994,19.73058142,17.21341918,-0.2594347,-0.26382628,37.55107751
EVER,,196,851.52002,,,,,,,,
ITX/N,Fuerte Venta,174,594.97998,628.175487,624.1215974,602.11994915,658.91646232,597.43451168,-1.66167039,1.85007168,31.74364004
AXTEL/CPO,Fuerte Compra,591933,7.1,6.9165,6.0474,3.9926,7.29137465,6.54162535,0.28523426,0.33398148,64.73801049
BBVA,Fuerte Venta,9525,60.849998,64.4579996,71.18799986,82.88014997,68.00685631,60.90914289,-2.36418516,-2.38563137,31.58262317
GFINBUR/O,Fuerte Venta,2724399,14.9,16.46000005,16.1346,18.58815004,18.14649946,14.77350064,-0.32904753,-0.11862954,32.812831
MSFT,Fuerte Venta,5780,4345.3999,4712.522975,4685.327786,3909.317799,5113.83839997,4311.20755003,-58.74725856,2.76735902,36.6278193
LVS,Comprar,1301,1105,1095.659,1061.5059998,1123.66285,1148.74644556,1042.57155444,17.35621239,17.47627665,53.12964221
BACHOCO/B,Fuerte Venta,99691,68.18,68.45299975,67.7003998,70.50324988,69.84526504,67.06073446,0.30286318,0.34373897,49.28795347
LUV,Comprar,340,825,816.586999,772.2840002,877.1985499,890.68843375,742.48556425,22.74743406,23.72126524,53.63483219
NOK/N,Fuerte Venta,110,86.800003,104.187,103.4919999,85.61929974,122.25885928,86.11514072,-4.73323974,-2.07759048,22.52819845
X,Fuerte Venta,3156,153,168.712,167.8604002,181.64804995,182.22874606,155.19525394,-3.24452472,-1.23681413,35.8046853
CLF,Fuerte Venta,15000,130,136.412,131.4901994,141.59099991,148.49936547,124.32463453,1.84314643,3.0901187,44.84769728
MO,Fuerte Venta,101,916.63,954.1305025,932.7584012,906.75635045,984.89151767,923.36948733,-1.10475988,4.66172071,38.578164
ALFA/A,Vender,8979689,13.55,14.3145,13.3508,12.70980001,14.91627986,13.71272014,0.10199899,0.25092534,43.56281322
ZM,Fuerte Compra,333,8082,7290.477505,6362.1194,,9569.5496341,5011.4053759,628.18488134,591.16175945,59.23333682
CVS,Fuerte Venta,2469,1222,1359.608,1405.296798,1404.3614475,1490.78351381,1228.43248619,-46.33035114,-32.41926787,21.83380445
ATVI,Fuerte Venta,10,1665,1781.6575,1800.266394,1465.6215485,1924.99583107,1638.31916893,-36.36458584,-19.9469526,38.07310918
PDD/N,Fuerte Venta,64,1784.53,1982.7445,,,2212.0768145,1753.4121855,-31.21077925,,43.90626629
KLAC,Fuerte Venta,199,3665.3301,4394.885985,3821.636782,,5049.16573314,3740.60623686,2.0016772,151.20641072,34.23016721
CVX,Fuerte Venta,833,1657,1851.397495,1927.778798,2039.221749,2032.76085702,1670.03413298,-66.51518623,-48.56817159,21.57789405
PBR/N,Fuerte Venta,26865,177.99001,184.880999,192.3739992,211.13504995,193.21796364,176.54403436,-2.45907019,-2.20824122,41.03795162
DIS,Vender,2297,2800.1499,2884.36301,2773.324196,2631.8938965,2989.65432127,2779.07169873,24.08623349,41.97556589,45.42845031
HOMEX,Fuerte Venta,4765632,0.044,0.0456,0.04712,0.05804,0.04773542,0.04346458,-0.00097735,-0.00090546,37.7973983
GE,Fuerte Venta,11215,126.77,138.5014995,145.5367994,177.4854,148.37793271,128.62506629,-4.22270813,-3.22137479,30.56218588
MEDICA/B,Fuerte Compra,12509,21.5,18.8384999,16.72779996,17.44960001,21.9245412,15.7524586,1.37786407,1.11417459,79.44096417
MRO,Fuerte Venta,2043,95.989998,119.325999,129.356999,194.59014942,147.01825229,91.63374571,-8.61178614,-5.58300103,27.88482429
CCL1/N,Comprar,1061,374.04999,359.241499,344.2841996,,409.43316899,309.04982901,12.67475306,10.56844,54.54518093
STOR,Fuerte Compra,5,593.03003,561.439003,566.2535996,,639.42147663,483.45652937,16.70872628,8.36188352,57.32690865
UNH,Fuerte Venta,129,6394,6852.245975,6843.292998,6185.004551,7200.86237964,6503.62957036,-81.1956344,-27.37081116,33.46304633
FCFE/18,Vender,130110,24.74,25.28550015,25.31419994,24.58494999,25.8241083,24.746892,-0.04010066,0.00641681,42.00654388
UAL,Fuerte Venta,335193,765,781.624001,762.8781994,1027.2876001,832.25023015,730.99777185,5.66838601,8.94112735,46.92754127
CREAL,Fuerte Venta,840633,11.19,11.793,12.1926,16.54375005,12.70237561,10.88362439,-0.20914496,-0.15259059,37.28639731
AAPL,Vender,58277,2378.73,2658.647875,2424.347141,1802.79668538,2948.22391961,2369.07183039,14.37661711,75.31668451,39.81438804
RCL,Fuerte Compra,1692,1470.5,1451.1595,1277.575598,1461.68564895,1602.73917653,1299.57982347,69.94603367,77.19401245,57.03391793
AGNC,Fuerte Venta,1250,297.01001,310.344001,305.6212006,313.4139497,320.44039179,300.24761021,-0.48101022,1.12519,36.31890844
NVDA,Vender,2344,10300.1,11126.8545,10152.31459,7074.8731385,12127.84792674,10125.86107326,167.36815431,361.57706553,44.62679951
WYNN,Fuerte Venta,1059,1744,1857.176505,1786.445604,2006.7348,1987.67487601,1726.67813399,-0.17599287,21.17684757,42.97846187
ROKU,Fuerte Venta,53,3438.75,3473.968005,,,3891.58966259,3056.34634741,19.6658237,29.50459156,47.75961962
PAYC,Fuerte Venta,12,5853.5498,6416.362485,6703.206586,,6994.74543636,5837.97953364,-170.51089534,-101.04956663,38.37568598
ET,Fuerte Venta,274,126.81,140.4975,143.9814002,,152.602265,128.392735,-4.76348733,-3.49202672,29.91280235
EDU/N,Neutral,12,3107.3899,3130.9795,3013.944004,2172.9904495,3364.07507904,2897.88392096,42.42111949,48.30642955,48.86858041
CRWD,Comprar,510,2680.6201,2638.327505,2492.882212,,3096.10021728,2180.55479272,98.0149878,106.86054635,53.0039734
MGM,Comprar,2950,478,490.3789995,429.3182,454.8321493,527.44711722,453.31088178,17.6767189,23.09957488,51.05580613
SE/N,Vender,7373,2968.1799,3247.066005,2889.0828,,3671.81899107,2822.31301893,55.43226308,134.19191493,45.76630549
BOLSA/A,Comprar,683210,46.400002,46.25300005,45.86660006,42.7413,47.69411312,44.81188698,0.08430508,0.0672948,50.22791012
LAB/B,Fuerte Venta,3017507,20.9,22.49799995,22.76219996,20.39029998,24.41770426,20.57829564,-0.51232581,-0.28888102,34.9691891
APA,Fuerte Venta,23480,252.89999,316.031501,316.9062016,476.20690085,366.23229362,265.83070838,-13.86761093,-5.37953478,26.09390213
DDOG,Fuerte Venta,452,1710,1820.3205,1917.402394,,1960.57448006,1680.06651994,-48.84069008,-43.83379869,40.14796885
ASUR/B,Fuerte Venta,224961,233.14,247.116499,238.1647998,282.91890125,260.2732344,233.9597636,-0.30295595,1.50705255,42.49848832
DVN,Fuerte Venta,1210,187.8,237.8550005,242.2748002,341.26324935,286.91274848,188.79725252,-13.16660817,-7.66684913,23.51424326
WORK,Fuerte Venta,381,540.02002,658.1490075,673.738603,,762.0111419,554.2868731,-19.50707178,-5.18517054,31.04046559
CRM,Comprar,3147,5159.3198,5234.7335,4708.841594,3866.403552,6516.23023588,3953.23676412,244.31966751,310.4971363,50.46525792
AMZN,Vender,926,66075,72528.8612,70626.46498,52059.755465,78050.06359371,67007.65880629,-380.87595238,689.53520115,36.2134604
PYPL,Vender,6818,3919.5701,4327.85102,4202.07421,3029.499054,4688.02771721,3967.67432279,-42.04137311,26.30201367,36.77295756
SPG,Fuerte Venta,358,1378,1474.618,1448.912602,,1562.44878859,1386.78721141,-1.59677277,8.49644946,39.74868156
NTES/N,Vender,170,9799,10536.3835,10129.92139,6786.53054,11275.28620229,9797.48079771,24.59707772,161.29992527,39.31673678
ADBE,Vender,391,9934.9502,10616.7825,10203.882822,8012.254058,11739.83745653,9493.72754347,70.41335066,215.09165957,41.38864779
SHOP/N,Fuerte Venta,1709,19300,22140.1225,22305.96362,14460.9610635,24892.87155591,19387.37344409,-615.13282774,-186.37445125,35.72188583
AEROMEX,Fuerte Venta,466530,4.36,5.0995,4.9598,9.5437,6.08299326,4.11600674,-0.20717661,-0.13207197,27.31598184
GAP/B,Fuerte Venta,1609112,157.25999,167.8004995,158.8970008,178.40340015,177.36197208,158.23902692,0.13679731,1.74691066,42.29807014
NCLH/N,Comprar,24337,371.37,368.6754995,348.1453996,552.6837991,408.05360695,329.29739205,11.66721748,11.29238382,51.72275942
ENPH,Fuerte Venta,99,1387.0699,1589.85,1351.3997958,,1786.72959977,1392.97040023,22.35145813,66.41125925,42.06720114
NEMAK/A,Fuerte Compra,318719,6.53,6.5145,5.7988,5.9212,7.23817051,5.79082949,0.30065172,0.32705716,53.94871565
ODFL,Comprar,6130,4128.1099,,,,,,,,83.58589596
ETSY,Fuerte Venta,1098,2369,2667.930005,2604.196404,,3058.13834896,2277.72166104,-67.46759801,-19.77006809,36.3726389
OKTA,Vender,55,4120,4577.1885,4628.145588,,5099.10966663,4055.26733337,-77.95913853,-6.03361636,37.46489229
EA,Fuerte Venta,69,2721,3018.41849,3080.704614,2484.247905,3319.265008,2717.571972,-90.52495176,-51.8442575,30.20325926
NOWW,Vender,31,9500,9945.71997,9373.551972,6559.5237375,10787.41835159,9104.02158841,147.01100968,260.56205085,45.19168416
HTZ,Fuerte Venta,20756,28.82,31.73199985,32.98939996,162.27859955,34.05346133,29.41053837,-1.21176356,-1.06834644,35.10755825
KEYS,Fuerte Venta,260,1962,2148.359995,2246.490802,,2315.5797832,1981.1402068,-54.80348489,-34.83242809,35.54385674
AMD,Vender,6055,1623.75,1826.3275,1644.662394,1203.8303005,2011.89540188,1640.75959812,6.34675851,49.06371682,39.48592481
NEM,Fuerte Venta,3049,1411.01,1451.091995,1456.138996,,1516.02218428,1386.16180572,-7.17322582,-4.65662794,44.14856295
REGN,Fuerte Venta,720,11518.44,13237.5285,13777.7784,10378.2549085,14607.45122166,11867.60577834,-469.36751257,-303.40478888,22.62687083
SQ,Vender,308,2895,3313.853985,3083.3154,1885.34995005,3699.92816707,2927.77980293,-11.67214249,68.05389819,38.98353083
PAAS/N,Fuerte Venta,28881,740,,,,,,,,39.57869918
EXPE,Vender,10,2025,2064.787505,1952.593402,,2278.16301955,1851.41199045,57.13402143,67.34808273,48.66224463
BYND,Comprar,741,2878,2837.2065,2891.7138,2395.5942465,3023.77022052,2650.64277948,8.55772993,-10.41707337,50.28867981
JWN,Fuerte Venta,85,305,340.549997,345.040598,,374.26649123,306.83350277,-8.48229875,-6.93285343,37.32651685
PTON,Fuerte Compra,3973,1816.61,1668.28899,1533.391996,,2054.97549161,1281.60248839,110.27220104,97.05948271,56.70436787
XOM,Fuerte Venta,1125,783.01001,880.2225035,938.5408014,1068.25880075,970.38550389,790.05950311,-39.15639719,-32.56975211,18.44746576
SLB/N,Fuerte Venta,12,378,422.7544995,422.7973994,525.2078989,463.79346654,381.71553246,-9.64824679,-4.95501327,31.31512669
SPCE,Fuerte Venta,13207,354.10001,376.1205005,433.0068008,,408.31039773,343.93060327,-18.66742321,-20.26515932,38.81697396
LULU,Vender,101,6653,7672.33701,7229.894218,5080.4668015,8723.40797184,6621.26604816,33.85487371,217.94405316,35.90559358
QSR/N,Fuerte Venta,20,1170,1254.1935,1250.979598,,1332.96593687,1175.42106313,-10.92847571,-4.28423774,34.1329191
RIG/N,Fuerte Venta,1432,20.879999,29.518,40.20279996,84.34245017,43.51687969,15.51912031,-5.59413674,-5.16749005,28.92646584
TDOC,Fuerte Venta,43,4066.1799,4594.30599,4662.589788,,5126.26168196,4062.35029804,-109.87255064,-48.076582,37.60990462
AMC,Vender,52,121.12,127.5180005,117.42360012,,151.3580196,103.6779814,6.21905673,6.86278576,47.90369798
AMP,Neutral,194,3246.5,3334.309495,3052.834796,,3732.16285921,2936.45613079,130.5974976,147.56417058,49.96519315
DOCU,Fuerte Venta,712,4165,4779.58052,4639.243792,,5578.97752074,3980.18351926,-12.24439423,91.1504641,39.72983656
COUP,Fuerte Venta,2689,5260.5,6489.72052,6314.161822,,7492.9564875,5486.4845525,-140.97607666,43.03159703,32.73271842
AYX,Fuerte Venta,2578,2257.9399,2507.127485,,,2747.96500006,2266.28996994,-183.78415417,,28.82336352
SPORT/S,Fuerte Venta,1917,9.99,11.2166745,11.81251844,15.51175458,12.37396489,10.05938411,-0.41452164,-0.362889,8.35764844
TWLO,Fuerte Venta,1448,4766.3799,5466.937015,5555.671006,3428.014555,6139.08392526,4794.79010474,-149.14245681,-47.43706975,35.37777882
BHC/N,Fuerte Venta,6021,327,386.315,399.5897996,457.01414985,451.93826734,320.69173266,-18.42066604,-13.70394632,29.21943318
M,Fuerte Venta,380,150,152.0164995,149.9977992,223.9612991,170.18907107,133.84392793,3.09773984,2.54421563,47.36549462
ARWR,Fuerte Venta,158,725.03998,,,,,,,,
MAXCOM/A,Fuerte Venta,23836,1.19,1.4775,1.3344,1.96239658,1.78752419,1.16747581,-0.03760983,0.00649003,31.20925943
FSLY,Fuerte Venta,708,1640,1879.89,1926.281,,2162.66602374,1597.11397626,-42.47972319,-10.34258909,40.31833734
NLOK,Fuerte Venta,1808,444.01001,492.9420065,,,536.29428699,449.58972601,,,37.87578402
NKLA,Fuerte Venta,23133,685.26001,868.2515,915.4261996,,1030.11068941,706.39231059,-37.09290276,-34.81143754,39.30906849
GME,Comprar,1299,131.75999,130.9914997,111.39820024,,189.96658346,72.01641594,15.39240936,14.54517613,50.62341118